,index,id,attach_dist,is_attached,is_contained,is_matched,match_ids,match_overlaps,pred_num_pix,pred_sum_pix,true_num_pix,true_sum_pix,ke,true_ke
0,0,11,0.7649993896484375,True,True,False,[],[],72,52.18139,-1,-1,64.49098,-1
1,0,24,0.764984130859375,True,False,False,[],[],2,1.2620842,-1,-1,1.5598099,-1
2,0,29,0.76495361328125,True,False,False,[],[],6,2.4497225,-1,-1,3.0276122,-1
3,0,35,0.764984130859375,True,True,False,[],[],1,0.51824087,-1,-1,0.6404939,-1
4,1,17,3.2456319223438945,False,False,False,[],[],61,31.113937,-1,-1,38.453716,-1
5,1,25,0.7650032043457031,True,False,False,[],[],32,7.707034,-1,-1,9.525124,-1
6,3,19,0.7649993896484375,True,True,False,[],[],25,26.402235,-1,-1,32.630524,-1
7,3,39,0.764984130859375,True,True,False,[],[],70,30.059088,-1,-1,37.15003,-1
8,3,41,0.76495361328125,True,True,False,[],[],6,3.6273685,-1,-1,4.4830647,-1
9,3,46,1.0818833016949811,True,False,False,[],[],9,9.856463,-1,-1,12.181603,-1
10,3,48,0.764984130859375,True,False,False,[],[],1,0.5509,-1,-1,0.6808573,-1
11,4,1,1.0818859990697474,True,True,False,[],[],32,21.111969,-1,-1,26.092283,-1
12,4,30,inf,False,True,False,[],[],66,48.42935,-1,-1,59.85384,-1
13,4,39,0.764984130859375,True,True,False,[],[],31,13.876695,-1,-1,17.150208,-1
14,6,44,0.764984130859375,True,True,False,[],[],2,0.5888851,-1,-1,0.7278032,-1
15,6,71,inf,False,True,False,[],[],17,15.307072,-1,-1,18.91801,-1
16,6,73,0.764984130859375,True,True,False,[],[],37,18.739895,-1,-1,23.160637,-1
17,6,75,0.764984130859375,True,False,False,[],[],20,18.12292,-1,-1,22.398117,-1
18,6,77,2.1637450240959204,False,True,False,[],[],17,11.673122,-1,-1,14.426812,-1
19,7,22,0.7650146484375,True,False,False,[],[],41,23.80568,-1,-1,29.42144,-1
20,7,33,inf,False,True,False,[],[],31,17.09245,-1,-1,21.12456,-1
21,7,49,0.7649993896484375,True,True,False,[],[],66,28.775696,-1,-1,35.563885,-1
22,7,51,0.76495361328125,True,False,False,[],[],70,32.270645,-1,-1,39.883293,-1
23,8,17,4.957767387948917,False,False,False,[],[],16,8.604557,-1,-1,10.634373,-1
24,9,55,1.081872512263171,True,True,False,[],[],27,14.576508,-1,-1,18.015106,-1
25,10,10,0.764984130859375,True,False,False,[],[],122,66.96899,-1,-1,82.766975,-1
26,10,19,0.7649993896484375,True,True,False,[],[],42,21.063818,-1,-1,26.032774,-1
27,10,69,0.7650146484375,True,False,False,[],[],23,12.469124,-1,-1,15.410591,-1
28,10,88,0.7650146484375,True,True,False,[],[],34,19.741917,-1,-1,24.399036,-1
29,10,91,0.7650146484375,True,True,False,[],[],13,16.06715,-1,-1,19.857391,-1
30,10,92,3.2456283257550336,False,True,False,[],[],2,2.9851494,-1,-1,3.6893463,-1
31,10,95,1.0818509328615227,True,True,False,[],[],15,14.936762,-1,-1,18.460344,-1
32,11,17,1.081872512263171,True,True,False,[],[],31,21.872494,-1,-1,27.032215,-1
33,11,21,0.7650146484375,True,True,False,[],[],33,22.357409,-1,-1,27.631523,-1
34,11,23,inf,False,False,False,[],[],26,12.550613,-1,-1,15.511304,-1
35,11,25,0.764984130859375,True,True,False,[],[],25,15.062775,-1,-1,18.616083,-1
36,11,29,0.764984130859375,True,False,False,[],[],54,28.765713,-1,-1,35.551544,-1
37,12,47,13.81244387759538,False,False,False,[],[],11,10.041743,-1,-1,12.410591,-1
38,13,32,0.764984130859375,True,True,False,[],[],71,46.023254,-1,-1,56.880142,-1
39,13,54,inf,False,True,False,[],[],5,4.9049745,-1,-1,6.062058,-1
40,14,12,0.764984130859375,True,True,False,[],[],7,4.870454,-1,-1,6.019394,-1
41,14,43,0.764984130859375,True,True,False,[],[],3,1.7344915,-1,-1,2.1436582,-1
42,15,21,1.529998779296875,True,True,False,[],[],33,20.29001,-1,-1,25.076426,-1
43,16,35,0.7650146484375,True,True,False,[],[],35,26.255356,-1,-1,32.448994,-1
44,16,37,1.0818509328615227,True,False,False,[],[],2,1.3601933,-1,-1,1.6810629,-1
45,17,1,0.7650146484375,True,False,False,[],[],16,8.99522,-1,-1,11.117193,-1
46,17,49,0.764984130859375,True,False,False,[],[],18,12.486973,-1,-1,15.432651,-1
47,17,64,1.081872512263171,True,False,False,[],[],17,21.50657,-1,-1,26.579971,-1
48,18,8,0.76495361328125,True,True,False,[],[],85,54.76596,-1,-1,67.68526,-1
49,18,35,0.7649993896484375,True,False,False,[],[],4,3.291113,-1,-1,4.067487,-1
50,18,38,0.7650146484375,True,False,False,[],[],26,20.395184,-1,-1,25.206408,-1
51,19,26,0.7650146484375,True,True,False,[],[],30,35.312202,-1,-1,43.642353,-1
52,19,36,0.764984130859375,True,True,False,[],[],24,12.630449,-1,-1,15.609973,-1
53,19,52,inf,False,False,False,[],[],5,4.4271297,-1,-1,5.47149,-1
54,19,54,0.7650146484375,True,True,False,[],[],27,19.751804,-1,-1,24.411257,-1
55,20,4,1.530029296875,True,True,False,[],[],25,27.38186,-1,-1,33.841244,-1
56,20,18,0.764984130859375,True,True,False,[],[],65,29.375381,-1,-1,36.305035,-1
57,20,30,inf,False,True,False,[],[],33,29.949902,-1,-1,37.015083,-1
58,21,11,4.838290610447574,False,True,False,[],[],43,41.83145,-1,-1,51.699493,-1
59,22,13,1.529998779296875,True,True,False,[],[],36,48.33961,-1,-1,59.742928,-1
60,22,19,1.081872512263171,True,True,False,[],[],36,20.248928,-1,-1,25.025652,-1
61,23,33,0.7650032043457031,True,False,False,[],[],6,2.9370644,-1,-1,3.629918,-1
62,23,36,0.764984130859375,True,True,False,[],[],49,31.363344,-1,-1,38.76196,-1
63,24,70,0.764984130859375,True,True,False,[],[],22,14.850748,-1,-1,18.35404,-1
64,25,22,1.0818401437525427,True,True,False,[],[],10,5.7329884,-1,-1,7.0854006,-1
65,25,25,0.7650146484375,True,True,False,[],[],76,34.37421,-1,-1,42.48309,-1
66,26,41,0.7649993896484375,True,True,False,[],[],31,17.747784,-1,-1,21.934486,-1
67,27,31,1.0818617225085447,True,True,False,[],[],3,1.8052377,-1,-1,2.2310934,-1
68,27,34,2.419121178935839,False,False,False,[],[],59,31.389927,-1,-1,38.79481,-1
69,27,36,0.7650146484375,True,False,False,[],[],6,5.493286,-1,-1,6.7891526,-1
70,27,37,0.764984130859375,True,False,False,[],[],39,24.064465,-1,-1,29.741272,-1
71,27,39,0.76495361328125,True,False,False,[],[],16,10.570488,-1,-1,13.064067,-1
72,27,42,0.76495361328125,True,False,False,[],[],1,0.3976102,-1,-1,0.49140644,-1
73,28,52,0.764984130859375,True,True,False,[],[],17,14.108369,-1,-1,17.436533,-1
74,28,63,0.764984130859375,True,True,False,[],[],41,14.49797,-1,-1,17.918041,-1
75,28,64,1.081872512263171,True,False,False,[],[],10,8.008838,-1,-1,9.898123,-1
76,29,26,inf,False,False,False,[],[],17,14.803101,-1,-1,18.295153,-1
77,29,53,1.52996826171875,True,False,False,[],[],38,31.280708,-1,-1,38.65983,-1
78,29,55,1.529998779296875,True,False,False,[],[],13,18.424744,-1,-1,22.771141,-1
79,29,58,2.862381929522153,False,False,False,[],[],1,0.26009858,-1,-1,0.32145584,-1
80,30,30,6.167662001695474,False,False,False,[],[],8,5.7793913,-1,-1,7.14275,-1
81,30,35,1.710542870652102,True,True,False,[],[],37,24.37704,-1,-1,30.127586,-1
82,31,0,inf,False,False,False,[],[],42,37.376488,-1,-1,46.193604,-1
83,31,63,0.764984130859375,True,True,False,[],[],42,15.466505,-1,-1,19.115055,-1
84,32,46,0.76495361328125,True,False,False,[],[],20,18.94455,-1,-1,23.41357,-1
85,32,48,0.7650146484375,True,True,False,[],[],35,18.134668,-1,-1,22.412638,-1
86,33,0,0.7649993896484375,True,True,False,[],[],34,22.192017,-1,-1,27.427114,-1
87,33,44,1.081850933722383,True,True,False,[],[],58,36.98093,-1,-1,45.704735,-1
88,33,57,0.764984130859375,True,True,False,[],[],55,20.683754,-1,-1,25.563053,-1
89,34,35,0.7649993896484375,True,True,False,[],[],49,24.961723,-1,-1,30.850195,-1
90,34,37,0.7649917602539062,True,True,False,[],[],29,16.556557,-1,-1,20.46225,-1
91,35,45,inf,False,False,False,[],[],56,45.443035,-1,-1,56.163048,-1
92,36,23,0.7650146484375,True,False,False,[],[],34,26.491657,-1,-1,32.74104,-1
93,36,30,0.764984130859375,True,True,False,[],[],10,6.8505135,-1,-1,8.46655,-1
94,36,59,4.46071127678688,False,False,False,[],[],11,6.0875998,-1,-1,7.523665,-1
95,37,29,0.7650146484375,True,False,False,[],[],35,19.356716,-1,-1,23.922966,-1
96,37,31,1.0818833016949811,True,False,False,[],[],48,33.10518,-1,-1,40.914692,-1
97,37,33,0.764984130859375,True,True,False,[],[],29,26.424671,-1,-1,32.658253,-1
98,37,35,0.764984130859375,True,False,False,[],[],31,15.177847,-1,-1,18.7583,-1
99,37,37,0.764984130859375,True,False,False,[],[],22,9.495771,-1,-1,11.735825,-1
100,38,30,0.764984130859375,True,True,False,[],[],46,20.883507,-1,-1,25.809927,-1
101,38,32,1.3250178108059933,True,True,False,[],[],25,25.184752,-1,-1,31.125835,-1
102,39,55,0.7649993896484375,True,False,False,[],[],52,30.781645,-1,-1,38.043037,-1
103,39,57,0.76495361328125,True,False,False,[],[],13,9.864122,-1,-1,12.19107,-1
104,39,59,1.0818833016949811,True,False,False,[],[],49,23.5332,-1,-1,29.084682,-1
105,39,61,0.764984130859375,True,True,False,[],[],56,34.53634,-1,-1,42.683464,-1
106,40,34,0.7650146484375,True,False,False,[],[],45,21.37196,-1,-1,26.413607,-1
107,40,52,0.764984130859375,True,False,False,[],[],69,39.430077,-1,-1,48.731632,-1
108,40,54,0.764984130859375,True,True,False,[],[],25,22.485603,-1,-1,27.789959,-1
109,41,47,0.764984130859375,True,False,False,[],[],50,20.14369,-1,-1,24.895588,-1
110,41,49,17.908176575437267,False,True,False,[],[],12,10.951833,-1,-1,13.535371,-1
111,41,53,2.1637450240959204,False,False,False,[],[],30,26.602884,-1,-1,32.878506,-1
112,41,55,0.7650146484375,True,False,False,[],[],25,15.440534,-1,-1,19.082956,-1
113,41,57,0.764984130859375,True,True,False,[],[],5,3.2146392,-1,-1,3.9729726,-1
114,42,57,inf,False,True,False,[],[],8,9.303963,-1,-1,11.498768,-1
115,42,65,0.764984130859375,True,False,False,[],[],66,24.378399,-1,-1,30.129265,-1
116,44,19,2.2949930827273812,False,False,False,[],[],41,24.66931,-1,-1,30.4888,-1
117,44,85,0.764984130859375,True,False,False,[],[],51,26.28636,-1,-1,32.487312,-1
118,45,47,5.1317923859763575,False,True,False,[],[],18,11.8918495,-1,-1,14.697137,-1
119,45,49,0.7650146484375,True,True,False,[],[],47,23.732798,-1,-1,29.331366,-1
120,45,52,1.7106008739483185,True,False,False,[],[],3,0.40087968,-1,-1,0.49544722,-1
121,46,36,0.764984130859375,True,False,False,[],[],42,30.487291,-1,-1,37.679245,-1
122,46,37,1.0818833016949811,True,False,False,[],[],29,27.877272,-1,-1,34.45352,-1
123,46,40,1.530029296875,True,True,False,[],[],54,31.754057,-1,-1,39.24484,-1
124,46,54,0.764984130859375,True,True,False,[],[],20,16.0369,-1,-1,19.820005,-1
125,46,56,0.7650146484375,True,False,False,[],[],57,26.735384,-1,-1,33.042263,-1
126,47,39,1.7106247576893532,True,False,False,[],[],44,24.027914,-1,-1,29.6961,-1
127,47,41,0.764984130859375,True,False,False,[],[],4,1.8273991,-1,-1,2.2584827,-1
128,48,14,73.36824461855565,False,True,False,[],[],66,25.833729,-1,-1,31.927906,-1
129,48,50,0.7650146484375,True,False,False,[],[],75,31.362087,-1,-1,38.760406,-1
130,48,52,0.7650146484375,True,True,False,[],[],65,29.84556,-1,-1,36.886127,-1
131,48,54,0.764984130859375,True,False,False,[],[],70,27.47635,-1,-1,33.958023,-1
132,48,56,0.76495361328125,True,False,False,[],[],45,26.963764,-1,-1,33.324516,-1
133,48,58,1.0818940912343977,True,False,False,[],[],23,27.603989,-1,-1,34.115772,-1
134,49,41,0.764984130859375,True,False,False,[],[],27,25.896221,-1,-1,32.005142,-1
135,49,54,0.7650146484375,True,True,False,[],[],29,16.31041,-1,-1,20.158035,-1
136,50,28,1.529998779296875,True,True,False,[],[],43,41.077435,-1,-1,50.767605,-1
137,50,55,1.7105974619921192,True,True,False,[],[],12,6.6024933,-1,-1,8.160022,-1
138,51,14,inf,False,True,False,[],[],44,44.074043,-1,-1,54.47111,-1
139,52,16,0.764984130859375,True,True,False,[],[],79,43.629826,-1,-1,53.922104,-1
140,52,25,0.7649993896484375,True,False,False,[],[],28,24.492098,-1,-1,30.269785,-1
141,52,35,5.188455799713895,False,True,False,[],[],86,34.49167,-1,-1,42.628254,-1
142,52,58,inf,False,True,False,[],[],14,14.177622,-1,-1,17.522123,-1
143,53,39,2.419188732455473,False,False,False,[],[],65,32.898964,-1,-1,40.659832,-1
144,53,70,0.764984130859375,True,False,False,[],[],48,28.737595,-1,-1,35.516796,-1
145,53,81,1.081872512263171,True,True,False,[],[],6,9.470499,-1,-1,11.70459,-1
146,54,12,0.764984130859375,True,True,False,[],[],51,32.39417,-1,-1,40.035954,-1
147,54,28,0.764984130859375,True,False,False,[],[],66,18.478922,-1,-1,22.8381,-1
148,55,15,0.764984130859375,True,True,False,[],[],2,1.8288274,-1,-1,2.260248,-1
149,55,58,0.7650146484375,True,True,False,[],[],14,6.764397,-1,-1,8.360119,-1
150,55,60,0.7649993896484375,True,True,False,[],[],49,30.312393,-1,-1,37.46309,-1
151,55,62,1.081850933722383,True,True,False,[],[],41,16.84277,-1,-1,20.815979,-1
152,56,58,8.203715888338662,False,True,False,[],[],4,1.5117245,-1,-1,1.8683404,-1
153,56,61,0.764984130859375,True,True,False,[],[],10,6.07219,-1,-1,7.5046196,-1
154,58,16,1.529998779296875,True,True,False,[],[],25,15.948382,-1,-1,19.710606,-1
155,59,17,0.764984130859375,True,True,False,[],[],50,30.540197,-1,-1,37.744633,-1
156,59,33,0.7649993896484375,True,True,False,[],[],28,13.665338,-1,-1,16.88899,-1
157,59,35,1.081850933722383,True,True,False,[],[],23,19.82655,-1,-1,24.503633,-1
158,61,32,0.764984130859375,True,False,False,[],[],52,30.479244,-1,-1,37.6693,-1
159,61,34,0.76495361328125,True,True,False,[],[],1,0.7968623,-1,-1,0.9848422,-1
160,62,26,0.76495361328125,True,False,False,[],[],33,18.594967,-1,-1,22.98152,-1
161,62,39,1.710594049982326,True,False,False,[],[],19,17.210167,-1,-1,21.270046,-1
162,63,32,inf,False,False,False,[],[],30,25.22067,-1,-1,31.170229,-1
163,63,44,5.074395075095516,False,False,False,[],[],45,40.34407,-1,-1,49.861237,-1
164,63,47,0.7650146484375,True,True,False,[],[],26,16.90812,-1,-1,20.896746,-1
165,63,49,0.7650146484375,True,False,False,[],[],10,5.0202456,-1,-1,6.2045217,-1
166,64,35,0.76495361328125,True,False,False,[],[],54,27.504206,-1,-1,33.99245,-1
167,64,37,0.7650146484375,True,True,False,[],[],63,30.698786,-1,-1,37.94063,-1
168,64,39,0.7650146484375,True,True,False,[],[],37,21.846846,-1,-1,27.000517,-1
169,65,21,0.764984130859375,True,False,False,[],[],17,14.131682,-1,-1,17.465347,-1
170,65,40,0.76495361328125,True,False,False,[],[],39,19.948154,-1,-1,24.653925,-1
171,65,42,0.764984130859375,True,False,False,[],[],29,17.241035,-1,-1,21.308197,-1
172,66,22,2.8623696952763136,False,True,False,[],[],17,19.675463,-1,-1,24.316906,-1
173,66,40,0.764984130859375,True,True,False,[],[],15,14.985693,-1,-1,18.520819,-1
174,66,42,0.7650146484375,True,True,False,[],[],26,27.036598,-1,-1,33.41453,-1
175,66,44,1.0818293538903043,True,True,False,[],[],40,27.702835,-1,-1,34.237934,-1
176,67,4,0.76495361328125,True,True,False,[],[],2,1.3258548,-1,-1,1.638624,-1
177,67,14,0.764984130859375,True,False,False,[],[],102,65.485504,-1,-1,80.93354,-1
178,68,24,0.764984130859375,True,True,False,[],[],66,36.80113,-1,-1,45.482517,-1
179,68,48,0.7650146484375,True,True,False,[],[],40,21.90686,-1,-1,27.07469,-1
180,68,56,0.764984130859375,True,False,False,[],[],5,2.7798762,-1,-1,3.4356492,-1
181,68,60,5.826069792029973,False,True,False,[],[],4,1.2986363,-1,-1,1.6049846,-1
182,68,63,0.764984130859375,True,False,False,[],[],59,20.660316,-1,-1,25.534086,-1
183,69,53,1.0818833016949811,True,False,False,[],[],37,16.956083,-1,-1,20.956024,-1
184,69,55,1.529998779296875,True,False,False,[],[],51,26.61005,-1,-1,32.887363,-1
185,70,14,inf,False,True,False,[],[],81,39.745983,-1,-1,49.122063,-1
186,71,48,0.7650146484375,True,False,False,[],[],25,21.266113,-1,-1,26.282791,-1
187,72,61,0.764984130859375,True,True,False,[],[],35,22.396389,-1,-1,27.679699,-1
188,72,68,0.7649993896484375,True,False,False,[],[],44,21.519285,-1,-1,26.595686,-1
189,72,70,0.764984130859375,True,False,False,[],[],49,35.17116,-1,-1,43.46804,-1
190,72,72,1.3250178108059933,True,True,False,[],[],9,6.562783,-1,-1,8.110944,-1
191,73,36,inf,False,False,False,[],[],50,37.556545,-1,-1,46.416138,-1
192,73,41,0.7649993896484375,True,True,False,[],[],30,28.238625,-1,-1,34.900116,-1
193,73,43,0.7650146484375,True,True,False,[],[],16,8.293612,-1,-1,10.250074,-1
194,74,17,0.764984130859375,True,True,False,[],[],27,22.525635,-1,-1,27.839434,-1
195,74,21,0.7650146484375,True,True,False,[],[],30,13.489028,-1,-1,16.671091,-1
196,74,30,0.7650146484375,True,True,False,[],[],1,1.1310024,-1,-1,1.3978059,-1
197,76,33,inf,False,True,False,[],[],36,42.39501,-1,-1,52.395996,-1
198,77,13,0.7650146484375,True,True,False,[],[],20,16.722809,-1,-1,20.66772,-1
199,77,58,1.7105701666760027,True,False,False,[],[],12,12.923379,-1,-1,15.972005,-1
200,77,61,0.764984130859375,True,True,False,[],[],30,20.122332,-1,-1,24.86919,-1
201,78,21,0.7649993896484375,True,False,False,[],[],65,27.6724,-1,-1,34.20032,-1
202,78,65,1.0818833016949811,True,True,False,[],[],37,28.36728,-1,-1,35.05912,-1
203,79,31,0.764984130859375,True,True,False,[],[],11,8.988052,-1,-1,11.108335,-1
204,79,67,1.0818940912343977,True,True,False,[],[],44,20.373396,-1,-1,25.179482,-1
205,80,37,4.653327182777713,False,True,False,[],[],11,3.0544734,-1,-1,3.7750237,-1
206,80,40,0.764984130859375,True,False,False,[],[],31,18.75009,-1,-1,23.173237,-1
207,81,5,inf,False,False,False,[],[],19,19.929705,-1,-1,24.631123,-1
208,81,24,inf,False,True,False,[],[],45,27.868494,-1,-1,34.442673,-1
209,81,26,1.873870617011172,True,True,False,[],[],24,18.771545,-1,-1,23.199755,-1
210,82,28,0.7649993896484375,True,False,False,[],[],16,10.245016,-1,-1,12.661816,-1
211,82,31,1.529998779296875,True,True,False,[],[],20,11.064195,-1,-1,13.674239,-1
212,82,35,1.0818833016949811,True,True,False,[],[],53,34.423733,-1,-1,42.544292,-1
213,83,14,0.7650146484375,True,False,False,[],[],4,2.9777884,-1,-1,3.680249,-1
214,83,55,1.0818833016949811,True,False,False,[],[],29,22.891863,-1,-1,28.292055,-1
215,83,57,0.764984130859375,True,True,False,[],[],2,1.794991,-1,-1,2.2184296,-1
216,83,60,0.76495361328125,True,False,False,[],[],1,0.7949949,-1,-1,0.9825342,-1
217,84,29,1.530029296875,True,False,False,[],[],27,20.196089,-1,-1,24.960346,-1
218,84,48,0.76495361328125,True,True,False,[],[],42,18.18315,-1,-1,22.472555,-1
219,84,49,0.764984130859375,True,True,False,[],[],17,13.625901,-1,-1,16.840252,-1
220,84,51,0.7650146484375,True,False,False,[],[],37,34.437138,-1,-1,42.56086,-1
221,84,68,1.530029296875,True,False,False,[],[],28,27.568174,-1,-1,34.071507,-1
222,86,40,inf,False,False,False,[],[],34,31.086773,-1,-1,38.420143,-1
223,86,81,1.52996826171875,True,False,False,[],[],23,15.099899,-1,-1,18.661966,-1
224,86,83,3.82501220703125,False,True,False,[],[],38,29.491838,-1,-1,36.448963,-1
225,87,8,0.7649993896484375,True,True,False,[],[],40,26.404661,-1,-1,32.633522,-1
226,87,29,inf,False,True,False,[],[],13,8.7595215,-1,-1,10.825893,-1
227,87,40,0.7650146484375,True,True,False,[],[],32,15.616533,-1,-1,19.300474,-1
228,88,16,0.764984130859375,True,False,False,[],[],20,8.113281,-1,-1,10.0272045,-1
229,89,48,0.76495361328125,True,True,False,[],[],56,23.782913,-1,-1,29.393303,-1
230,90,41,0.7650146484375,True,False,False,[],[],1,0.7892791,-1,-1,0.97547007,-1
231,90,71,0.7649993896484375,True,False,False,[],[],16,21.899164,-1,-1,27.065178,-1
232,90,73,0.7650146484375,True,False,False,[],[],28,17.888664,-1,-1,22.1086,-1
233,90,75,0.7650146484375,True,True,False,[],[],8,4.6065326,-1,-1,5.693214,-1
234,90,78,inf,False,True,False,[],[],55,28.622076,-1,-1,35.374023,-1
235,91,11,5.01645508430819,False,True,False,[],[],30,24.212137,-1,-1,29.923782,-1
236,91,25,inf,False,True,False,[],[],41,30.177904,-1,-1,37.29687,-1
237,91,34,0.7650146484375,True,True,False,[],[],49,30.32181,-1,-1,37.474728,-1
238,91,39,inf,False,True,False,[],[],28,19.023088,-1,-1,23.510635,-1
239,92,7,0.7649993896484375,True,True,False,[],[],38,27.3314,-1,-1,33.778877,-1
240,92,55,1.0818833016949811,True,False,False,[],[],43,14.310555,-1,-1,17.686417,-1
241,93,25,1.0818940912343977,True,False,False,[],[],37,17.709007,-1,-1,21.886562,-1
242,93,27,inf,False,False,False,[],[],22,10.201568,-1,-1,12.608118,-1
243,94,21,0.7650146484375,True,True,False,[],[],34,25.8721,-1,-1,31.97533,-1
244,94,25,0.76495361328125,True,False,False,[],[],60,29.56848,-1,-1,36.543686,-1
245,94,27,0.7649993896484375,True,True,False,[],[],10,6.5376334,-1,-1,8.079862,-1
246,94,31,0.764984130859375,True,False,False,[],[],59,47.589275,-1,-1,58.815586,-1
247,95,4,0.764984130859375,True,False,False,[],[],28,6.2716265,-1,-1,7.7511034,-1
248,95,10,0.7649993896484375,True,False,False,[],[],77,52.288113,-1,-1,64.62288,-1
249,97,14,0.7649993896484375,True,False,False,[],[],42,21.986185,-1,-1,27.172728,-1
250,97,30,inf,False,True,False,[],[],39,22.322975,-1,-1,27.588966,-1
251,98,36,inf,False,True,False,[],[],35,31.124008,-1,-1,38.466164,-1
252,98,46,0.7649993896484375,True,False,False,[],[],5,4.5270543,-1,-1,5.5949864,-1
253,98,48,0.7649993896484375,True,False,False,[],[],8,5.7314353,-1,-1,7.0834813,-1
254,98,50,0.76495361328125,True,True,False,[],[],39,23.07827,-1,-1,28.522434,-1
255,99,9,0.7649993896484375,True,False,False,[],[],5,3.5474732,-1,-1,4.384322,-1
256,100,129,0.76495361328125,True,False,False,[],[],35,20.13251,-1,-1,24.88177,-1
257,100,157,0.764984130859375,True,True,False,[],[],51,28.13195,-1,-1,34.76828,-1
258,100,186,1.0818509328615227,True,True,False,[],[],20,14.126002,-1,-1,17.458326,-1
259,100,187,0.764984130859375,True,True,False,[],[],1,1.7122529,-1,-1,2.1161733,-1
260,100,294,0.764984130859375,True,True,False,[],[],55,28.83272,-1,-1,35.63436,-1
261,100,300,1.0818509328615227,True,True,False,[],[],16,17.257887,-1,-1,21.329023,-1
262,101,34,0.7649993896484375,True,False,False,[],[],47,28.503357,-1,-1,35.2273,-1
263,101,36,0.764984130859375,True,True,False,[],[],57,33.666355,-1,-1,41.60825,-1
264,101,38,0.764984130859375,True,True,False,[],[],16,12.956461,-1,-1,16.01289,-1
265,102,84,0.764984130859375,True,True,False,[],[],40,20.730194,-1,-1,25.620447,-1
266,102,92,0.764984130859375,True,True,False,[],[],58,30.439604,-1,-1,37.620308,-1
267,103,0,0.764984130859375,True,True,False,[],[],66,30.410116,-1,-1,37.583862,-1
268,103,25,1.7106179338058773,True,True,False,[],[],24,15.220024,-1,-1,18.810429,-1
269,103,37,0.7650146484375,True,True,False,[],[],23,16.129688,-1,-1,19.934683,-1
270,103,39,inf,False,True,False,[],[],25,10.876105,-1,-1,13.441779,-1
271,104,0,0.76495361328125,True,False,False,[],[],15,14.190187,-1,-1,17.537653,-1
272,104,17,0.7649993896484375,True,True,False,[],[],41,18.13221,-1,-1,22.4096,-1
273,105,9,0.764984130859375,True,False,False,[],[],32,16.077822,-1,-1,19.87058,-1
274,105,29,1.081872512263171,True,True,False,[],[],5,7.565147,-1,-1,9.349766,-1
275,105,31,1.7105650483176273,True,True,False,[],[],1,2.5273871,-1,-1,3.1235979,-1
276,106,16,0.7649993896484375,True,False,False,[],[],41,20.330597,-1,-1,25.126585,-1
277,106,41,1.0818293538903043,True,False,False,[],[],24,23.988735,-1,-1,29.647678,-1
278,107,0,0.764984130859375,True,False,False,[],[],61,37.765984,-1,-1,46.67498,-1
279,107,9,0.764984130859375,True,True,False,[],[],29,25.193008,-1,-1,31.13604,-1
280,107,35,0.764984130859375,True,False,False,[],[],63,28.35642,-1,-1,35.0457,-1
281,107,37,1.0818401437525427,True,False,False,[],[],32,26.694881,-1,-1,32.992207,-1
282,108,31,0.764984130859375,True,True,False,[],[],29,30.041573,-1,-1,37.12838,-1
283,108,36,0.76495361328125,True,False,False,[],[],50,21.671297,-1,-1,26.783558,-1
284,109,36,0.76495361328125,True,True,False,[],[],22,12.682743,-1,-1,15.6746025,-1
285,110,33,0.7649993896484375,True,False,False,[],[],45,27.564478,-1,-1,34.06694,-1
286,110,35,0.7650146484375,True,True,False,[],[],18,16.74964,-1,-1,20.70088,-1
287,110,37,4.589996337890625,False,True,False,[],[],2,2.0589876,-1,-1,2.544703,-1
288,111,5,0.764984130859375,True,True,False,[],[],38,26.933645,-1,-1,33.287292,-1
289,111,39,inf,False,True,False,[],[],39,30.14545,-1,-1,37.256763,-1
290,111,41,1.0818509328615227,True,False,False,[],[],55,26.426222,-1,-1,32.660168,-1
291,111,43,0.7650146484375,True,False,False,[],[],25,19.177391,-1,-1,23.701338,-1
292,112,6,1.325035430020792,True,True,False,[],[],45,19.19555,-1,-1,23.723782,-1
293,112,30,0.76495361328125,True,True,False,[],[],9,3.330162,-1,-1,4.1157475,-1
294,112,33,0.764984130859375,True,False,False,[],[],1,0.92749405,-1,-1,1.14629,-1
295,113,17,1.0818940912343977,True,True,False,[],[],5,5.1312914,-1,-1,6.341763,-1
296,114,44,0.7649993896484375,True,True,False,[],[],58,29.23943,-1,-1,36.137012,-1
297,114,45,0.764984130859375,True,True,False,[],[],40,27.102402,-1,-1,33.49586,-1
298,114,54,inf,False,True,False,[],[],8,4.272663,-1,-1,5.2805843,-1
299,114,66,1.52996826171875,True,True,False,[],[],54,27.392704,-1,-1,33.854645,-1
300,115,36,1.0818846503815236,True,False,False,[],[],1,0.3542228,-1,-1,0.437784,-1
301,117,0,10.979803622648184,False,False,False,[],[],32,23.389694,-1,-1,28.907324,-1
302,117,39,inf,False,True,False,[],[],38,29.247501,-1,-1,36.146988,-1
303,117,40,inf,False,True,False,[],[],29,20.444254,-1,-1,25.267054,-1
304,117,42,1.0818509328615227,True,True,False,[],[],37,13.394195,-1,-1,16.553886,-1
305,118,27,inf,False,False,False,[],[],47,28.348852,-1,-1,35.036346,-1
306,118,49,1.325035430020792,True,False,False,[],[],21,18.210375,-1,-1,22.506203,-1
307,118,52,0.7649993896484375,True,True,False,[],[],51,18.998295,-1,-1,23.479994,-1
308,118,54,0.764984130859375,True,False,False,[],[],15,8.021737,-1,-1,9.914065,-1
309,119,50,0.764984130859375,True,True,False,[],[],27,18.817057,-1,-1,23.256,-1
310,119,55,inf,False,False,False,[],[],11,5.449596,-1,-1,6.735156,-1
311,119,58,0.764984130859375,True,True,False,[],[],35,16.64693,-1,-1,20.573942,-1
312,120,13,1.8738394702730345,True,False,False,[],[],47,28.722292,-1,-1,35.497883,-1
313,120,20,1.0818401437525427,True,False,False,[],[],26,20.01829,-1,-1,24.740604,-1
314,120,28,0.7650146484375,True,True,False,[],[],3,2.8822184,-1,-1,3.5621338,-1
315,121,24,0.7650146484375,True,True,False,[],[],36,19.046215,-1,-1,23.539219,-1
316,121,26,3.1541621846710903,False,False,False,[],[],20,7.7218313,-1,-1,9.543411,-1
317,122,0,inf,False,False,False,[],[],100,69.400116,-1,-1,85.77161,-1
318,123,48,0.764984130859375,True,True,False,[],[],13,10.221713,-1,-1,12.633016,-1
319,124,30,13.16158618126316,False,False,False,[],[],20,22.083317,-1,-1,27.292772,-1
320,124,47,0.7650146484375,True,False,False,[],[],43,24.597195,-1,-1,30.399673,-1
321,125,2,1.52996826171875,True,True,False,[],[],60,34.857685,-1,-1,43.080616,-1
322,126,3,0.7649993896484375,True,False,False,[],[],18,19.947237,-1,-1,24.652792,-1
323,126,11,126.16239075024217,False,True,False,[],[],2,2.7603993,-1,-1,3.4115777,-1
324,126,66,inf,False,False,False,[],[],10,6.395912,-1,-1,7.904708,-1
325,127,54,4.957781514627003,False,False,False,[],[],18,9.313707,-1,-1,11.510812,-1
326,127,57,1.0818833016949811,True,True,False,[],[],30,28.931795,-1,-1,35.756805,-1
327,128,3,1.8738581583034915,True,True,False,[],[],10,9.091367,-1,-1,11.236021,-1
328,128,22,1.3250365312153107,True,True,False,[],[],8,8.078086,-1,-1,9.983706,-1
329,128,23,1.0818617225085447,True,True,False,[],[],1,0.23300298,-1,-1,0.2879684,-1
330,128,93,1.7106247576893532,True,True,False,[],[],5,1.9276192,-1,-1,2.3823447,-1
331,129,4,0.764984130859375,True,True,False,[],[],10,4.5576286,-1,-1,5.6327734,-1
332,129,17,0.7649993896484375,True,True,False,[],[],41,21.501997,-1,-1,26.57432,-1
333,129,82,0.7649993896484375,True,False,False,[],[],21,10.887706,-1,-1,13.456116,-1
334,130,30,0.76495361328125,True,False,False,[],[],55,36.537346,-1,-1,45.156506,-1
335,130,36,inf,False,False,False,[],[],42,20.77218,-1,-1,25.672338,-1
336,131,1,1.7105633423025222,True,False,False,[],[],3,1.2663637,-1,-1,1.565099,-1
337,131,52,0.7650146484375,True,True,False,[],[],6,3.6790454,-1,-1,4.546932,-1
338,131,54,0.76495361328125,True,False,False,[],[],13,8.933122,-1,-1,11.040445,-1
339,131,56,0.7650146484375,True,False,False,[],[],28,18.08635,-1,-1,22.35292,-1
340,132,5,0.764984130859375,True,True,False,[],[],36,23.325945,-1,-1,28.828537,-1
341,132,11,0.7650146484375,True,True,False,[],[],24,19.69505,-1,-1,24.341112,-1
342,133,30,0.7649993896484375,True,True,False,[],[],60,32.47732,-1,-1,40.13872,-1
343,133,74,1.3250178108059933,True,False,False,[],[],7,5.0658274,-1,-1,6.260856,-1
344,133,77,1.081872512263171,True,False,False,[],[],28,23.504374,-1,-1,29.049057,-1
345,134,33,inf,False,False,False,[],[],42,19.096544,-1,-1,23.60142,-1
346,134,41,0.764984130859375,True,True,False,[],[],37,33.916817,-1,-1,41.917797,-1
347,135,24,0.7650146484375,True,False,False,[],[],32,28.237041,-1,-1,34.89816,-1
348,135,51,0.7650146484375,True,True,False,[],[],3,4.768337,-1,-1,5.8931875,-1
349,136,30,0.764984130859375,True,False,False,[],[],30,21.37091,-1,-1,26.41231,-1
350,137,40,0.7650146484375,True,True,False,[],[],19,22.792496,-1,-1,28.169247,-1
351,138,44,1.52996826171875,True,False,False,[],[],33,16.66601,-1,-1,20.597523,-1
352,138,46,1.0818401437525427,True,True,False,[],[],21,18.197412,-1,-1,22.490183,-1
353,139,29,1.0818725120479602,True,False,False,[],[],44,32.760754,-1,-1,40.489017,-1
354,139,75,0.764984130859375,True,False,False,[],[],38,21.473183,-1,-1,26.538708,-1
355,139,77,5.409340981225533,False,False,False,[],[],13,11.05444,-1,-1,13.662182,-1
356,139,81,0.7650146484375,True,True,False,[],[],35,20.272358,-1,-1,25.054607,-1
357,140,1,1.081850933722383,True,True,False,[],[],25,18.466003,-1,-1,22.822134,-1
358,140,36,0.7649993896484375,True,True,False,[],[],64,36.532036,-1,-1,45.149944,-1
359,140,51,0.76495361328125,True,False,False,[],[],28,15.086832,-1,-1,18.645817,-1
360,141,21,3.2456067465685963,False,True,False,[],[],12,6.9135623,-1,-1,8.544472,-1
361,141,52,1.530029296875,True,False,False,[],[],15,14.84836,-1,-1,18.35109,-1
362,141,54,0.764984130859375,True,True,False,[],[],21,21.429356,-1,-1,26.48454,-1
363,142,26,1.530029296875,True,True,False,[],[],43,27.485987,-1,-1,33.969933,-1
364,142,51,0.764984130859375,True,False,False,[],[],18,12.432837,-1,-1,15.365744,-1
365,142,53,0.7650146484375,True,False,False,[],[],24,7.8723946,-1,-1,9.729493,-1
366,143,8,0.7649993896484375,True,False,False,[],[],72,59.7591,-1,-1,73.85628,-1
367,143,15,0.7649993896484375,True,True,False,[],[],80,53.251152,-1,-1,65.8131,-1
368,143,36,0.764984130859375,True,False,False,[],[],5,2.1046984,-1,-1,2.6011968,-1
369,144,42,inf,False,True,False,[],[],13,10.436217,-1,-1,12.898122,-1
370,144,57,1.081850933722383,True,False,False,[],[],48,22.281488,-1,-1,27.537693,-1
371,144,59,0.764984130859375,True,True,False,[],[],5,2.2589364,-1,-1,2.7918196,-1
372,144,62,1.0818293538903043,True,True,False,[],[],24,24.783075,-1,-1,30.629404,-1
373,145,52,0.7650146484375,True,False,False,[],[],11,5.4044576,-1,-1,6.6793694,-1
374,145,53,0.764984130859375,True,False,False,[],[],8,3.34724,-1,-1,4.136854,-1
375,145,55,6.756312404876119,False,True,False,[],[],1,1.1329199,-1,-1,1.4001758,-1
376,146,30,inf,False,False,False,[],[],16,13.190927,-1,-1,16.302668,-1
377,146,36,0.764984130859375,True,True,False,[],[],4,1.3186096,-1,-1,1.6296697,-1
378,146,38,3.154176987888229,False,False,False,[],[],27,15.2953,-1,-1,18.903461,-1
379,147,53,1.0818077744886474,True,False,False,[],[],42,24.55878,-1,-1,30.352198,-1
380,147,55,0.764984130859375,True,False,False,[],[],28,16.030794,-1,-1,19.81246,-1
381,147,57,0.764984130859375,True,True,False,[],[],1,0.4220462,-1,-1,0.5216069,-1
382,148,40,0.7650146484375,True,True,False,[],[],35,20.825079,-1,-1,25.737717,-1
383,148,42,1.0818940912343977,True,True,False,[],[],49,29.25198,-1,-1,36.152523,-1
384,149,10,1.52996826171875,True,True,False,[],[],26,14.831406,-1,-1,18.330135,-1
385,149,16,0.7649993896484375,True,True,False,[],[],56,33.472717,-1,-1,41.368935,-1
386,149,25,inf,False,True,False,[],[],50,27.248999,-1,-1,33.67704,-1
387,149,31,0.7649993896484375,True,False,False,[],[],47,30.561178,-1,-1,37.77056,-1
388,150,46,1.0818509328615227,True,False,False,[],[],35,16.94469,-1,-1,20.941944,-1
389,150,48,0.7650146484375,True,False,False,[],[],11,5.5266104,-1,-1,6.830338,-1
390,151,65,0.764984130859375,True,True,False,[],[],67,24.288837,-1,-1,30.018576,-1
391,151,67,0.764984130859375,True,False,False,[],[],3,2.7231386,-1,-1,3.3655272,-1
392,152,62,11.702298302048662,False,True,False,[],[],34,28.09025,-1,-1,34.71674,-1
393,152,64,1.7106179338058773,True,True,False,[],[],29,15.189318,-1,-1,18.772478,-1
394,152,66,0.7650146484375,True,False,False,[],[],2,0.8448499,-1,-1,1.04415,-1
395,152,68,1.7105974619921192,True,True,False,[],[],1,0.36502817,-1,-1,0.45113835,-1
396,153,63,inf,False,True,False,[],[],75,62.964962,-1,-1,77.8184,-1
397,154,21,0.7650146484375,True,True,False,[],[],38,23.037594,-1,-1,28.472164,-1
398,154,41,1.52996826171875,True,True,False,[],[],29,34.656826,-1,-1,42.832375,-1
399,154,59,0.7650146484375,True,True,False,[],[],24,22.96497,-1,-1,28.382406,-1
400,154,61,0.7650146484375,True,True,False,[],[],49,24.956211,-1,-1,30.843382,-1
401,154,63,1.081872512263171,True,False,False,[],[],48,18.54648,-1,-1,22.921597,-1
402,155,8,0.764984130859375,True,True,False,[],[],51,29.12217,-1,-1,35.992092,-1
403,155,27,0.7649993896484375,True,True,False,[],[],46,42.01345,-1,-1,51.924427,-1
404,155,34,0.764984130859375,True,False,False,[],[],20,17.995829,-1,-1,22.241045,-1
405,155,36,0.76495361328125,True,False,False,[],[],38,18.299845,-1,-1,22.61678,-1
406,156,42,0.76495361328125,True,True,False,[],[],6,4.854653,-1,-1,5.9998655,-1
407,157,12,475.8589345668056,False,False,False,[],[],5,2.0165687,-1,-1,2.4922774,-1
408,157,32,1.0818940912343977,True,True,False,[],[],42,25.12245,-1,-1,31.048838,-1
409,157,70,1.081872512263171,True,False,False,[],[],27,20.464285,-1,-1,25.291811,-1
410,157,72,0.764984130859375,True,False,False,[],[],28,12.889504,-1,-1,15.93014,-1
411,157,75,0.764984130859375,True,True,False,[],[],47,29.892357,-1,-1,36.943966,-1
412,158,4,1.0818509328615227,True,True,False,[],[],23,23.011606,-1,-1,28.440044,-1
413,158,5,1.0818509328615227,True,False,False,[],[],19,11.380222,-1,-1,14.064817,-1
414,158,13,1.52996826171875,True,True,False,[],[],35,18.443071,-1,-1,22.793793,-1
415,158,18,0.764984130859375,True,False,False,[],[],23,15.958786,-1,-1,19.723465,-1
416,158,51,0.764984130859375,True,False,False,[],[],54,37.314278,-1,-1,46.11672,-1
417,159,24,0.7650146484375,True,False,False,[],[],4,3.0275383,-1,-1,3.7417347,-1
418,159,26,0.7650146484375,True,False,False,[],[],67,33.528023,-1,-1,41.437286,-1
419,160,40,9.944992065429688,False,False,False,[],[],18,10.894374,-1,-1,13.464357,-1
420,161,28,0.7650146484375,True,True,False,[],[],40,18.371748,-1,-1,22.705645,-1
421,162,11,1.0818833016949811,True,False,False,[],[],26,18.195206,-1,-1,22.487455,-1
422,162,29,1.52996826171875,True,True,False,[],[],6,3.0912335,-1,-1,3.8204556,-1
423,162,30,0.7649993896484375,True,False,False,[],[],11,7.491082,-1,-1,9.258229,-1
424,162,71,0.7650146484375,True,True,False,[],[],19,12.620013,-1,-1,15.5970745,-1
425,162,96,inf,False,True,False,[],[],45,23.910414,-1,-1,29.550882,-1
426,162,98,0.764984130859375,True,True,False,[],[],58,34.711483,-1,-1,42.899925,-1
427,163,15,0.764984130859375,True,True,False,[],[],50,46.68135,-1,-1,57.693485,-1
428,163,40,0.764984130859375,True,True,False,[],[],50,32.031166,-1,-1,39.58732,-1
429,164,48,0.764984130859375,True,False,False,[],[],60,33.864876,-1,-1,41.853603,-1
430,164,50,1.081850933722383,True,True,False,[],[],55,28.914564,-1,-1,35.73551,-1
431,165,20,inf,False,False,False,[],[],62,28.467772,-1,-1,35.18332,-1
432,165,24,0.764984130859375,True,True,False,[],[],16,11.144651,-1,-1,13.773675,-1
433,165,26,1.0818940912343977,True,True,False,[],[],1,0.5993473,-1,-1,0.7407333,-1
434,166,37,inf,False,True,False,[],[],24,22.93575,-1,-1,28.346292,-1
435,166,42,0.7649993896484375,True,True,False,[],[],29,18.12981,-1,-1,22.406633,-1
436,166,44,1.8738456997614816,True,False,False,[],[],11,12.406282,-1,-1,15.332925,-1
437,167,34,3.1542065942617166,False,False,False,[],[],19,24.195988,-1,-1,29.903822,-1
438,168,7,1.0818833016949811,True,True,False,[],[],14,11.339056,-1,-1,14.01394,-1
439,169,21,0.764984130859375,True,False,False,[],[],48,22.972567,-1,-1,28.391796,-1
440,169,23,1.0818617225085447,True,False,False,[],[],21,9.153498,-1,-1,11.312808,-1
441,170,11,inf,False,True,False,[],[],16,15.632851,-1,-1,19.32064,-1
442,170,58,0.7650146484375,True,False,False,[],[],40,23.31242,-1,-1,28.811821,-1
443,171,18,2.758244525076097,False,False,False,[],[],20,15.362053,-1,-1,18.985962,-1
444,172,40,0.7649993896484375,True,True,False,[],[],34,19.92838,-1,-1,24.629484,-1
445,172,42,1.7106179338058773,True,True,False,[],[],24,16.778725,-1,-1,20.736826,-1
446,172,44,0.7650146484375,True,True,False,[],[],63,31.638107,-1,-1,39.10154,-1
447,172,46,inf,False,False,False,[],[],40,26.742163,-1,-1,33.05064,-1
448,173,5,0.7649993896484375,True,True,False,[],[],53,39.70423,-1,-1,49.07046,-1
449,173,29,inf,False,True,False,[],[],39,28.859905,-1,-1,35.667957,-1
450,173,35,18.199896963277993,False,True,False,[],[],8,5.400261,-1,-1,6.674183,-1
451,174,0,1.081872512263171,True,True,False,[],[],41,28.410114,-1,-1,35.11206,-1
452,174,26,3.8249969482421875,False,False,False,[],[],3,1.8107693,-1,-1,2.2379298,-1
453,174,32,1.530029296875,True,True,False,[],[],62,35.61193,-1,-1,44.012787,-1
454,174,34,4.589996337890625,False,False,False,[],[],1,0.40468243,-1,-1,0.50014704,-1
455,175,20,0.7649993896484375,True,False,False,[],[],36,36.518448,-1,-1,45.133152,-1
456,175,33,0.764984130859375,True,False,False,[],[],34,24.023552,-1,-1,29.690708,-1
457,176,9,inf,False,True,False,[],[],30,15.437634,-1,-1,19.079372,-1
458,176,33,0.7649993896484375,True,True,False,[],[],31,28.2195,-1,-1,34.87648,-1
459,176,35,3.154169586288344,False,True,False,[],[],13,20.334871,-1,-1,25.131868,-1
460,177,10,0.7649993896484375,True,True,False,[],[],44,21.172623,-1,-1,26.167246,-1
461,177,23,1.081872512263171,True,True,False,[],[],34,20.998934,-1,-1,25.952583,-1
462,177,25,0.7649993896484375,True,False,False,[],[],46,28.068087,-1,-1,34.68935,-1
463,177,27,0.7649993896484375,True,False,False,[],[],20,17.75845,-1,-1,21.947668,-1
464,178,18,inf,False,True,False,[],[],42,47.033497,-1,-1,58.1287,-1
465,179,18,0.7650146484375,True,False,False,[],[],2,1.0452712,-1,-1,1.2918507,-1
